------------------------------------------------------------------------------------------------
-- Sample Data for STUDENT
------------------------------------------------------------------------------------------------
SET search_path TO GitItDoneDB;
INSERT INTO STUDENT(firstName, lastName, email, password) VALUES
    ('Test1',  'Test1', 'test1@pitt.edu', '11111111'),
    ('Test2',  'Test2', 'test2@pitt.edu', '11111111'),
    ('Test3', 'Test3', 'test3@pitt.edu', '11111111'),
    ('Test4',  'Test4', 'test4@pitt.edu', '11111111'),
    ('Test5', 'Test5', 'test5@pitt.edu', '11111111'),
    ('Test6',  'Test6', 'test6@pitt.edu', '11111111'),
    ('Test7',  'Test7', 'test7@pitt.edu', '11111111'),
    ('Test8',  'Test8', 'test8@pitt.edu', '11111111'),
    ('Test9', 'Test9', 'test9@pitt.edu', '11111111'),
    ('Test10',  'Test10', 'test10@pitt.edu', '11111111'),
    ('Test11', 'Test11', 'test11@pitt.edu', '11111111'),
    ('Test12', 'Test12', 'test12@pitt.edu', '11111111'),
    ('Test13', 'Test13', 'test13@pitt.edu', '11111111'),
    ('Test14',  'Test14', 'test14@pitt.edu', '11111111'),
    ('Test15',  'Test15', 'test15@pitt.edu', '11111111'),
    ('Test16', 'Test16', 'test16@pitt.edu', '11111111'),
    ('Test17',  'Test17', 'test17@pitt.edu', '11111111'),
    ('Test18',  'Test18', 'test18@pitt.edu', '11111111'),
    ('Test19', 'Test19', 'test19@pitt.edu', '11111111'),
    ('Test20',  'Test20', 'test20@pitt.edu', '11111111');

------------------------------------------------------------------------------------------------
-- Sample Data for PROFESSOR
-- NOTE: super user will have sections for all classes for ease with testing
------------------------------------------------------------------------------------------------
INSERT INTO PROFESSOR(firstName, lastName, email, password) VALUES
    ('super', 'user', 'superuser@pitt.edu', '11111111'),
    ('Dan', 'Mahoney', 'dmahoney@pitt.edu', '11111111'),
    ('Sherif', 'Khattab', 'skhattab@pitt.edu', '11111111'),
    ('Patrick', 'Skeba', 'pskeba@pitt.edu', '11111111'),
    ('Brian', 'Nixon', 'bnixon@pitt.edu', '11111111'),
    ('Wonsun', 'Ahn', 'wahn@pitt.edu', '11111111');

------------------------------------------------------------------------------------------------
-- Sample Data for COURSE
------------------------------------------------------------------------------------------------
INSERT INTO COURSE(courseID, courseName) VALUES
    ('CS1660','Cloud Computing'),
    ('CS1550', 'Introduction to Operating Systems'),
    ('CS1632', 'Software Quality Assurance'),
    ('CS1571', 'Introduction to Artificial Intelligence'),
    ('CS1675', 'Introduction to Machine Learning'),
    ('CS1900', 'Computer Science Internship Capstone'),
    ('CS1555', 'Database Management Systems');

------------------------------------------------------------------------------------------------
-- Sample Data for SECTIONS
------------------------------------------------------------------------------------------------
INSERT INTO SECTIONS(sectionNo, courseID, professorID) VALUES
    (1,'CS1660',1),
    (1, 'CS1550', 1),
    (1, 'CS1632',1),
    (1, 'CS1571', 1),
    (1, 'CS1675',1),
    (1,'CS1900', 1),
    (1, 'CS1555', 1),
    (2,'CS1660',2),
    (2, 'CS1550', 3),
    (2, 'CS1632',6),
    (2, 'CS1571', 4),
    (2, 'CS1675',4),
    (2,'CS1900', 6),
    (2, 'CS1555', 5);

------------------------------------------------------------------------------------------------
-- Sample Data for ROSTER
------------------------------------------------------------------------------------------------
INSERT INTO ROSTER(sectionNo, courseID, studentID) VALUES
    (1, 'CS1660',1),
    (1, 'CS1660',2),
    (1, 'CS1660',3),
    (1, 'CS1660',4),
    (1, 'CS1660',5),
    (2, 'CS1660',6),
    (2, 'CS1660',7),
    (2, 'CS1660',8),
    (2, 'CS1660',9),
    (2, 'CS1660',10),
    (1, 'CS1550', 11),
    (1, 'CS1550', 12),
    (1, 'CS1550', 13),
    (1, 'CS1550', 14),
    (1, 'CS1550', 15),
    (2, 'CS1550', 16),
    (2, 'CS1550', 17),
    (2, 'CS1550', 18),
    (2, 'CS1550', 19),
    (2, 'CS1550', 20),
    (1, 'CS1632', 1),
    (1, 'CS1632', 11),
    (1, 'CS1632', 12),
    (1, 'CS1632', 14),
    (1, 'CS1632', 3),
    (2, 'CS1632', 2),
    (2, 'CS1632', 8),
    (2, 'CS1632', 4),
    (2, 'CS1632', 16),
    (2, 'CS1632', 9),
    (1, 'CS1571',1),
    (1, 'CS1571',2),
    (1, 'CS1571',3),
    (1, 'CS1571',4),
    (1, 'CS1571',5),
    (2, 'CS1571',6),
    (2, 'CS1571',7),
    (2, 'CS1571',8),
    (2, 'CS1571',9),
    (2, 'CS1571',10),
    (1, 'CS1675', 1),
    (1, 'CS1675', 11),
    (1, 'CS1675', 12),
    (1, 'CS1675', 13),
    (1, 'CS1675', 14),
    (1, 'CS1675', 15),
    (2, 'CS1675', 16),
    (2, 'CS1675', 17),
    (2, 'CS1675', 18),
    (2, 'CS1675', 19),
    (2, 'CS1675', 20),
    (1, 'CS1900', 1),
    (1, 'CS1900',2),
    (1, 'CS1900',3),
    (1, 'CS1900',4),
    (1, 'CS1900',5),
    (2, 'CS1900',6),
    (2, 'CS1900',7),
    (2, 'CS1900',8),
    (2, 'CS1900',9),
    (2, 'CS1900',10),
    (1, 'CS1555', 11),
    (1, 'CS1555', 12),
    (1, 'CS1555', 13),
    (1, 'CS1555', 14),
    (1, 'CS1555', 15),
    (2, 'CS1555', 16),
    (2, 'CS1555', 17),
    (2, 'CS1555', 18),
    (2, 'CS1555', 19),
    (2, 'CS1555', 20);

------------------------------------------------------------------------------------------------
-- Sample Data for ATTENDANCE
-- Only contains cloud computing attendance for now
------------------------------------------------------------------------------------------------
INSERT INTO ATTENDANCE(attendanceDate, sectionNo, courseID, studentID) VALUES
    ('2024-12-05 18:05:06', 1, 'CS1660', 1),
    ('2024-12-05 18:05:06', 1, 'CS1660', 3),
    ('2024-12-05 18:05:06', 1, 'CS1660', 4),
    ('2024-12-05 18:05:06', 1, 'CS1660', 5),
    ('2024-12-05 18:05:06', 2, 'CS1660', 6),
    ('2024-12-05 18:05:06', 2, 'CS1660', 7),
    ('2024-12-05 18:05:06', 2, 'CS1660', 8),
    ('2024-12-06 18:05:06', 1, 'CS1660', 1),
    ('2024-12-06 18:05:06', 1, 'CS1660', 2),
    ('2024-12-06 18:05:06', 1, 'CS1660', 3),
    ('2024-12-06 18:05:06', 1, 'CS1660', 4),
    ('2024-12-06 18:05:06', 1, 'CS1660', 5),
    ('2024-12-06 18:05:06', 2, 'CS1660', 6),
    ('2024-12-06 18:05:06', 2, 'CS1660', 7),
    ('2024-12-06 18:05:06', 2, 'CS1660', 9),
    ('2024-12-06 18:05:06', 2, 'CS1660', 10),
    ('2024-12-07 18:05:06', 1, 'CS1660', 1),
    ('2024-12-07 18:05:06', 1, 'CS1660', 2),
    ('2024-12-07 18:05:06', 1, 'CS1660', 3),
    ('2024-12-07 18:05:06', 1, 'CS1660', 4),
    ('2024-12-07 18:05:06', 1, 'CS1660', 5),
    ('2024-12-07 18:05:06', 2, 'CS1660', 6),
    ('2024-12-07 18:05:06', 2, 'CS1660', 7),
    ('2024-12-07 18:05:06', 2, 'CS1660', 8),
    ('2024-12-07 18:05:06', 2, 'CS1660', 9),
    ('2024-12-07 18:05:06', 2, 'CS1660', 10),
    ('2024-12-05 14:05:06',1, 'CS1550', 11),
    ('2024-12-05 14:05:06',1, 'CS1550', 12),
    ('2024-12-05 14:05:06',1, 'CS1550', 13),
    ('2024-12-05 14:05:06',1, 'CS1550', 14),
    ('2024-12-05 14:05:06',1, 'CS1550', 15),
    ('2024-12-05 14:05:06',2, 'CS1550', 16),
    ('2024-12-05 14:05:06',2, 'CS1550', 17),
    ('2024-12-05 14:05:06',2, 'CS1550', 18),
    ('2024-12-05 14:05:06',2, 'CS1550', 19),
    ('2024-12-05 14:05:06',2, 'CS1550', 20),
    ('2024-12-06 14:05:06',1, 'CS1550', 11),
    ('2024-12-06 14:05:06',1, 'CS1550', 12),
    ('2024-12-06 14:05:06',1, 'CS1550', 13),
    ('2024-12-06 14:05:06',1, 'CS1550', 14),
    ('2024-12-06 14:05:06',1, 'CS1550', 15),
    ('2024-12-06 14:05:06',2, 'CS1550', 16),
    ('2024-12-06 14:05:06',2, 'CS1550', 17),
    ('2024-12-06 14:05:06',2, 'CS1550', 18),
    ('2024-12-06 14:05:06',2, 'CS1550', 19),
    ('2024-12-06 14:05:06',2, 'CS1550', 20),
    ('2024-12-07 14:05:06',1, 'CS1550', 11),
    ('2024-12-07 14:05:06',1, 'CS1550', 12),
    ('2024-12-07 14:05:06',1, 'CS1550', 13),
    ('2024-12-07 14:05:06',1, 'CS1550', 14),
    ('2024-12-07 14:05:06',2, 'CS1550', 16),
    ('2024-12-07 14:05:06',2, 'CS1550', 17),
    ('2024-12-07 14:05:06',2, 'CS1550', 18),
    ('2024-12-07 14:05:06',2, 'CS1550', 20),
    ('2024-12-08 14:05:06',1, 'CS1550', 11),
    ('2024-12-08 14:05:06',1, 'CS1550', 12),
    ('2024-12-08 14:05:06',1, 'CS1550', 13),
    ('2024-12-08 14:05:06',1, 'CS1550', 14),
    ('2024-12-08 14:05:06',1, 'CS1550', 15),
    ('2024-12-08 14:05:06',2, 'CS1550', 16),
    ('2024-12-08 14:05:06',2, 'CS1550', 17),
    ('2024-12-08 14:05:06',2, 'CS1550', 18),
    ('2024-12-08 14:05:06',2, 'CS1550', 19),
    ('2024-12-08 14:05:06',2, 'CS1550', 20),
    ('2024-12-03 14:05:06',1, 'CS1632', 1),
    ('2024-12-03 14:05:06',1, 'CS1632', 11),
    ('2024-12-03 14:05:06', 1, 'CS1632', 12),
    ('2024-12-03 14:05:06', 1, 'CS1632', 14),
    ('2024-12-03 14:05:06', 1, 'CS1632', 3),
    ('2024-12-03 14:05:06', 2, 'CS1632', 2),
    ('2024-12-03 14:05:06', 2, 'CS1632', 8),
    ('2024-12-03 14:05:06', 2, 'CS1632', 4),
    ('2024-12-03 14:05:06', 2, 'CS1632', 16),
    ('2024-12-03 14:05:06', 2, 'CS1632', 9),
    ('2024-12-04 14:05:06',1, 'CS1632', 1),
    ('2024-12-04 14:05:06',1, 'CS1632', 11),
    ('2024-12-04 14:05:06', 1, 'CS1632', 14),
    ('2024-12-04 14:05:06', 1, 'CS1632', 3),
    ('2024-12-04 14:05:06', 2, 'CS1632', 2),
    ('2024-12-04 14:05:06', 2, 'CS1632', 8),
    ('2024-12-04 14:05:06', 2, 'CS1632', 16),
    ('2024-12-04 14:05:06', 2, 'CS1632', 9),
    ('2024-12-04 09:05:06', 1, 'CS1571',1),
    ('2024-12-04 09:05:06', 1, 'CS1571',2),
    ('2024-12-04 09:05:06', 1, 'CS1571',3),
    ('2024-12-04 09:05:06', 1, 'CS1571',4),
    ('2024-12-04 09:05:06', 2, 'CS1571',6),
    ('2024-12-04 09:05:06', 2, 'CS1571',7),
    ('2024-12-04 09:05:06', 2, 'CS1571',8),
    ('2024-12-04 09:05:06', 2, 'CS1571',9),
    ('2024-12-04 09:05:06', 2, 'CS1571',10),
    ('2024-12-05 09:05:06', 1, 'CS1571',1),
    ('2024-12-05 09:05:06', 1, 'CS1571',2),
    ('2024-12-05 09:05:06', 1, 'CS1571',3),
    ('2024-12-05 09:05:06', 1, 'CS1571',4),
    ('2024-12-05 09:05:06', 1, 'CS1571',5),
    ('2024-12-05 09:05:06', 2, 'CS1571',6),
    ('2024-12-05 09:05:06', 2, 'CS1571',7),
    ('2024-12-05 09:05:06', 2, 'CS1571',8),
    ('2024-12-05 09:05:06', 2, 'CS1571',9),
    ('2024-12-05 09:05:06', 2, 'CS1571',10),
    ('2024-12-04 09:05:06', 1, 'CS1675', 1),
    ('2024-12-04 09:05:06', 1, 'CS1675', 11),
    ('2024-12-04 09:05:06', 1, 'CS1675', 12),
    ('2024-12-04 09:05:06', 1, 'CS1675', 13),
    ('2024-12-04 09:05:06', 1, 'CS1675', 14),
    ('2024-12-04 09:05:06', 1, 'CS1675', 15),
    ('2024-12-04 09:05:06', 2, 'CS1675', 16),
    ('2024-12-04 09:05:06', 2, 'CS1675', 17),
    ('2024-12-04 09:05:06', 2, 'CS1675', 18),
    ('2024-12-04 09:05:06', 2, 'CS1675', 19),
    ('2024-12-04 09:05:06', 2, 'CS1675', 20),
    ('2024-12-05 09:05:06', 1, 'CS1675', 1),
    ('2024-12-05 09:05:06', 1, 'CS1675', 11),
    ('2024-12-05 09:05:06', 1, 'CS1675', 12),
    ('2024-12-05 09:05:06', 1, 'CS1675', 13),
    ('2024-12-05 09:05:06', 1, 'CS1675', 14),
    ('2024-12-05 09:05:06', 1, 'CS1675', 15),
    ('2024-12-05 09:05:06', 2, 'CS1675', 16),
    ('2024-12-05 09:05:06', 2, 'CS1675', 17),
    ('2024-12-05 09:05:06', 2, 'CS1675', 18),
    ('2024-12-05 09:05:06', 2, 'CS1675', 19),
    ('2024-12-05 09:05:06', 2, 'CS1675', 20),
    ('2024-12-05 11:05:06', 1, 'CS1900', 1),
    ('2024-12-05 11:05:06', 1, 'CS1900',2),
    ('2024-12-05 11:05:06', 1, 'CS1900',3),
    ('2024-12-05 11:05:06', 1, 'CS1900',4),
    ('2024-12-05 11:05:06', 1, 'CS1900',5),
    ('2024-12-05 11:05:06', 2, 'CS1900',6),
    ('2024-12-05 11:05:06', 2, 'CS1900',7),
    ('2024-12-05 11:05:06', 2, 'CS1900',8),
    ('2024-12-05 11:05:06', 2, 'CS1900',9),
    ('2024-12-05 11:05:06', 2, 'CS1900',10),
    ('2024-12-05 08:05:06', 1, 'CS1555', 11),
    ('2024-12-05 08:05:06', 1, 'CS1555', 12),
    ('2024-12-05 08:05:06', 1, 'CS1555', 13),
    ('2024-12-05 08:05:06', 1, 'CS1555', 14),
    ('2024-12-05 08:05:06', 1, 'CS1555', 15),
    ('2024-12-05 08:05:06', 2, 'CS1555', 16),
    ('2024-12-05 08:05:06', 2, 'CS1555', 17),
    ('2024-12-05 08:05:06', 2, 'CS1555', 18),
    ('2024-12-05 08:05:06', 2, 'CS1555', 19),
    ('2024-12-05 08:05:06', 2, 'CS1555', 20);












